Sr._No.,KYC_Attributes,Surname,Name,Father_Name,Mother_Name,Spouse_Name,Date_of_Birth,Gender,Blood_Group,Home_Address,Office_Address,Communication_Address,PAN_no,Aadhar_no,Passport_no,BankAcDetails,CreditCard,Mobile_No,Email_Id,Nationality,Voter_Card_ID,DL,year_of_Birth,Age
1,Company KYC,,Gagan Indira Dvivedi ,Gagan Dvivedi,Lavanya Dvivedi,Ishwar D'Alia,1980-07-18,Female,O+,F 151  Main Road  Near Ambedkar Gate  Jagat Puri  BaljeetNagar Shadipur 110008  Delhi,"Nirman Bhawan, Rajpath Area, Central Secretariat, New Delhi, Delhi-110001","F-151, Main Road, Near Ambedkar Gate, Jagat Puri, BaljeetNagar Shadipur 110008, Delhi",EAGDE4321F,445566778989,0,44445555455447,,011-22503163,gid@gmail.com,Indian,,,1980,41
2,Company KYC,,Indrani Ranjit Chambeli Singh,Ranjit Sanyal,Chambeli Sanyal,Chatur Singh,1998-02-21,Female,B+,15/16mgrdrdblr 1  Mg Road  Metro Station Gurgaon Haryana 122002,"MG Road, Heritage City, Sector 25, Gurgaon, Haryana- 122002","15/16mgrdrdblr-1, Mg Road, Metro Station Gurgaon Haryana-122002",PTJKG4546O,257711445522,0,22233236252335,,7745585854,rsc@gmail.com,Indian,,,1998,23
3,Company KYC,,RakhiYadav,Bhima Yadav,Yadav Nehal ,Rakesh Yadav,1980-04-22,Female,B+,House No  11  East Parsigutta  Hyderabad 500021 Andhra Pradesh,"Cybercity, Hyderabad 500021,Andhra Pradesh","House No. 11, East Parsigutta, Hyderabad 500021 Andhra Pradesh",UKDWD4114R,117722554483,0,51610110003338,,6239239229,,Indian,,,1980,41
4,Company KYC,,Inika AR Hora,Aditya Sawhney,Riya Sawhney,Ramesh Hora,1976-12-21,Female,O+,88  Hinjewadi Ahmedabad   320008  Gujarat,"5th Floor,Unique Trade Centre, Sayaji Ganj, Vadodara-390020","88, Hinjewadi,Ahmedabad - 320008, Gujarat",OVRDK1324G,559666442233,0,1472587369834,,2365236523,airh@gmail.com,Indian,,,1976,45
5,Company KYC,,Iqbal Mistry,Anis Mistry,Raziya Mistry,Riya Mistry,1977-12-20,Male,B+,1 7 659/26/1  Opp luna High School  Raopura  Jhansi 284001 Uttar Pradesh,"Advant IT Park Sector 142,Noida,201305-Uttar Pradesh","1-7-659/26/1, Opp.luna High School, Raopura, Jhansi-284001-Uttar Pradesh",PLKIU2223H,109110111311,0,35775335775355,,2413321442,ima@gmail.com,Indian,,,1977,44
6,Company KYC,,Shiv Ishaan Bora,Shiv Bora,Disha Bora,Radhika Bora,1980-01-22,Male,AB+,A 5  578  Jitendra Jame  J J Road  Mandya 571401  Karnataka,"3rd Stage, Nanda Gokula Road, Gokulam, Mysuru, Karnataka-570002","A-5, 578, Jitendra Jame, J J Road, Mandya,571401, Karnataka",PALNB1336G,445511723366,0,42575742542119,,9874561478,sib@gmail.com,Indian,,,1980,41
7,Company KYC,,Jaswant Navjot Gola,Kuljeet,Navjot,Namrata Gola,1981-07-18,Male,O-,62 &63  Cp Ramasamy Road  Alwarpet  Ajmer  305001 Rajasthan,"IT Park Sitapura ,Jaipur-302022,Rajasthan","62 &63, Cp Ramasamy Road, Alwarpet, Ajmer, 305001,Rajasthan",BDGAA2782V,921130131133,0,6768865759596860,,6365523225,jng@gmail.com,Indian,,,1981,40
8,Company KYC,,Javed Iqbal Z Bahri,Iqbal,Zareen,Jasmin,1981-08-31,Male,O+,4  Jeevanprem  Panchpakhadi  Mauranipur 284204 UttarPradesh,"INFOSYS IT PARK Hinjewdi Phase 2,Pune-411057,Maharashtra","4, Jeevanprem, Panchpakhadi, Mauranipur,284204,UttarPradesh",POIYU7888C,137138139147,0,90008520741003,,7533074102,jiz@gmail.com,Indian,,,1981,40
9,Company KYC,,Jayendra Karthik Darika Lad,Karthik Lad,Darika Lad,Jayashri Lad,1979-11-21,Male,B+,701 Jupiter Bldg  Hiranandani(c)  A 4th Cross Lane  Borivali H O  Mumbai 400091  Maharashtra,"HP Inc Pritech Park-SEZ,Sarjapur,Marathalli Outer Road,562125,Bangalore,Karnataka","701 Jupiter Bldg, Hiranandani(c), A 4th Cross Lane, Borivali H.O, Mumbai 400091, Maharashtra",ABSRC3241D,123456899014,0,0,45712010211425.0,5555666628,jkdl@gmail.com,Indian,,,1979,42
10,Company KYC,,Jayesh Vighnesh Dipti Dyal,Vighnesh Dyal,Dipti Dyal,Jaya Dyal,1987-08-31,Male,B-,Flat No 304 3rd Floor St No 10  D V Arcade Main Road  Kanpur 208001 Uttarpradesh,"IIT,Roorkee,Haridwar Highway, Roorkee,247667,Uttarakhand","Flat No 304 3rd Floor St No 10, D V Arcade Main Road, Kanpur-208001,Uttarpradesh",JKPBA9960V,889998778628,0,3214569874,,7854212331,jvdd@gmail.com,Indian,,,1987,34
11,Company KYC,,Jwala Jaikishan Jaya Chadda,Jaikishan,Jaya,Vishal,1989-06-25,Female,O+,Flat No  144  Sejal Arcade   Lucknow 226001 Uttar Pradesh,"Giga Space IT Park Internal Rd Viman Nagar,Pune,411014,Maharashtra","Flat No. 144, Sejal Arcade,  Lucknow,226001,Uttar Pradesh",CBCBA7543E,167974757322,0,3112012320130120,,7534410712,jjjc@gmail.com,Indian,,,1989,32
12,Company KYC,,Kajol Rahul Aahana Dewan,Rahul Gaykwad,Aahana  Gayakwad,HariOm Dewan,1984-08-15,Female,B+,A 11  Naraina Indl Area  S Vivekanand Rd  VileParle(w)  Mumbai  400056,"Godrej Complex No.12, L B S Marg Vikhroli west,Mumbai-400079","A 11, Naraina Indl Area, S Vivekanand Rd, VileParle(w), Mumbai, 400056",CDRKH1144F,665544332214,0,2060258036901470,,2583247854,krad@gmail.com,Indian,,,1984,37
13,Company KYC,,Kalini Krishna Urmistha Chadha,Krishna Bose,Urmistha Bose,Sunita Chadha,1979-09-08,Female,B+,87  Kharadi  Bijnor   246701  Uttar Pradesh,"WNS Global Service Private Limited,Viman Nagar,Pune,411014,Maharashtra","87, Kharadi, Bijnor - 246701, Uttar Pradesh",AGLNB3536G,445511123376,0,22455421147232,,7896544789,kkuc@gmail.com,Indian,,,1979,42
14,Company KYC,,Kalyani Pratyush Kirtida Tata,Pratyush Murthy,Kirtida Murthy,Kalyan Tata,1979-01-19,Female,O+,Rto Main Road  Opp  Jhulelal Mandir  Varasia  Aanad  388001  Gujarat,"Ground Floor,IT Tower 4 Indroda Cir,Gandhinagar,382009,Gujarat","Rto Main Road, Opp. Jhulelal Mandir, Varasia, Aanad, 388001, Gujarat",LCGPK4146O,367712445526,0,54444421147232,,8520025882,kpt@gmail.com,Indian,,,1979,42
15,Company KYC,,Amrit Sukanya Kirti Prakash,Amrit Devdhar,Sukanya Devdhar,Bhima Prakash,1981-08-31,Female,B+,127  A  Har Indl Est  Sun Mill Road  Bhopal 462001 MadayPradesh,"Rajiv Gandhi Chandigarh Technology Park,Chandigarh-160101","127, A, Har Indl Est, Sun Mill Road, Bhopal,462001,MadayPradesh",UTYRE6765T,886655711138,0,22433331147232,,6578945247,askp@gmail.com,Indian,,,1981,40
16,Company KYC,,Bijoya Lakshmi Muktai Desai,Bijoya Kabra,Muktai Kabra,Jaydev Desai,1980-01-10,Female,o+,95  Alaknanda Villas  PreshitaGarh Guna 473001 Madhya pradesh,"Srijan-01,Ground Floor, Crystal IT Park,Indor,45201,Madhya pradesh","95, Alaknanda Villas, PreshitaGarh,Guna,473001,Madhya pradesh",BCNER7896N,878886068590,0,444455221415,,5544778878,blmd@gmail.com,Indian,,,1980,41
17,Company KYC,,Lalita Bhima Richa Dutt,Bhima Sanyal,Richa Sanyal,Navin Dutt,1979-09-07,Female,B+,Jn2/5/a 2  Sector 10  Chickpet  Pashan Road Pune 411008 Maharashtra,"Indrapuri colony, Bhanwar Kuwa,Indor,452014,Madhyapradesh","Jn2/5/a-2, Sector 10, Chickpet, Pashan Road,Pune,411008,Maharashtra",AOLPB3336G,445511223365,0,403924756247,,8878797889,lbrd@gmail.com,Indian,,,1979,42
18,Company KYC,,Lina Raman Varsha Dugal,Raman Dhingra,Varsha Dhingra,Ramesh Dugal,1987-11-11,Female,B+,10  Virar  Shivpuri   473551  Madhya Pradesh,"Best IT Services Top Web & Mobile App Development Company Indor,452001,Madhya Pradesh","10, Virar, Shivpuri - 473551, Madhya Pradesh",CEPDE4514F,201020406066,0,611124756247,,6242577885,lrvd@gmail.com,Indian,,,1987,34
19,Company KYC,,Kamlesh Akash Renu Mathur,Kamlesh Mathur,Renu Mathur,Kavita Mathur,1989-11-12,Male,B+,17/18  Vihar  Rajnagar  Firozabad 283203 Uttar Pradesh,"Galaxy Business Park, Block A, Sector 62,Noida,Uttar Pradesh-201309","17/18, Vihar, Rajnagar, Firozabad,283203,Uttar Pradesh",ECPDE2147A,201020405031,0,201425541228,,4758699685,karm@gmail.com,Indian,,,1989,32
20,Company KYC,,Arun Jitendra Kavita Rao,Jitendra Rao,Kavita Rao,Rani Rao,1985-12-22,Male,A+,Flat No 12 Sarita Vihar Panvel 410209 Maharashtra,"Plot No 1, Aroli Knowledge Park Rd,Airoli Navi Mumbai,400708,Maharashtra","Flat No 12,Sarita Vihar,Panvel,410209,Maharashtra",YBKPQ7013C,314320405035,0,427755886621,,2222144112,ajkr@gmail.com,Indian,,,1985,36
21,Company KYC,,Amar Rajendra Kavita Singh,Rajendra Singh,Kavita Singh,Suman Singh,1975-11-22,Male,B+,H NO 11/1 Radha Nagar Guna 473001 Madhya Pradesh,"Plot No 3,MIDC Area, Aroli East, Navi Mumbai, 400708,Maharashtra","H NO 11/1 Radha Nagar Guna,473001,Madhya Pradesh",DEPDE2225G,321020405145,0,963085207416,,7755331144,arks@gmail.com,Indian,,,1975,46
22,Company KYC,,Seema Rampal Renu Yadav,Rampal Yadav,Renu Yadav,Sita Yadav,1979-09-23,Female,O+,Plot No 25 Echelon Square  Sector 32 Kanpur  208002 Uttar Pradesh,"HCL IT City Block no 3,Mastemau Sultanpur Road, Lucknow,226002,Uttar Prades","Plot No.25,Echelon Square, Sector,32,Kanpur, 208002,Uttar Pradesh",YRBQP4015D,6010204051279,0,24242323252529,,6365522523,srry@gmail.com,Indian,,,1979,42
23,Company KYC,,Arun Umardas Suman,Umardas Dinkar,Jaidevi Dinkar,Bhagayshree,1984-03-20,Male,AB+,H NO 1111  Leelawati  Patoriya Moradabad 244001 Uttar Pradesh,Hinjewadi Ph-1 Rajiv Gandhi Infotech Park Pimpri-Chinchwad Maharashtra-411057,"H NO 1111, Leelawati, Patoriya,Moradabad,244001,Uttar Pradesh",BNTQP4373C,341020405324,0,47144224455647,,7245877880,aua@yahoo.vom,Indian,,,1984,37
24,Company KYC,,Neha Rajeev Seema Panday,Rajeev Panday,Seema Panday,Ritika Panday,1982-03-16,Female,B+,S N 18/19 Lane No  3 Om Sai Ganesh Nagar Nashik 422001 Maharashatra,Hinjewadi Ph-2 Rajiv Gandhi Infotech Park Pimpri-Chinchwad Maharashtra-411057,"S.N.18/19 Lane No  3 Om Sai Ganesh Nagar Nashik,422001,Maharashatra",CABDE7542T,250330405224,0,68698556699632,,8274858521,nrsp@gmail.com,Indian,,,1982,39
25,Company KYC,,Ranveera Arun Vinita Sharma,Arun Sharma,Vinita Sharma,Teena Sharma,1991-10-10,Male,B+,House No  101  Savitri Nagar  Saket 110017  Delhi,"DLF Cybercity, Gurgaon 122002,Haryana","House No. 101, Savitri Nagar, Saket,110017, Delhi",GSNPH1271R,612142402036,0,72332332211014,,6352422425,ravs@gmail.com,Indian,,,1991,30
26,Company KYC,,Rajesh Santosh Rita Gangwar,Santosh Gangwar,Rita Gangwar,Vijeta Gangwar,1986-02-12,Male,O+,Flat No 17 Dadri 201311  Noida  Uttar Pradesh ,"3rd Floor, Wing A, Cyber City,Hadapsar,Pune,411028,Maharashtra","Flat No 17,Dadri,201311, Noida, Uttar Pradesh ",JRWET2298Y,887229475871,0,481871166994,,4247586974,rsrg@gmail.com,Indian,,,1986,35
27,Company KYC,,Soni Rakesh Dubey,Kapil Dubey,Sarita Dubey,Rakesh Dubey,1984-04-13,Female,A-,76  Veena Society  Krishna Nagar  Bina 470113 Madhya Pradesh,"Amanora Park Town,Hadapsar,Pune,411028,Maharashtra","76, Veena Society, Krishna Nagar, Bina,470113,Madhya Pradesh",FGSDA5826G,981665423664,0,877996699882,,4758699874,srd@gmail.com,Indian,,,1984,37
28,Company KYC,,Neha Raj Pingle,Dinesh Pingle,Sarika Pingle,Raj Pingle,1987-09-05,Female,A-,Flat No 12 Wing A Basai Police Chowki  Tajnagari Agra 282004 Uttar Pradesh,"Mahinadra Acadamy Mahinadra Nagar Malad Eest,Mumbai,400097,Maharashtra","Flat No 12 Wing A,Basai Police Chowki, Tajnagari Agra,282004,Uttar Pradesh",OPUIY1111F,311768699614,0,200012341229,,6363632525,nrp@yahoo.com,Indian,,,1987,34
29,Company KYC,,Kiran Ramesh Ropa Mistrry,Ramesh Mistry,Ropa Mistry,Rena Mistry,1980-03-10,Male,A-,Yogi COHS  B Wing  Flat No 202 60 Feet Road Pimpri Colony Pune  411017 Maharashtra,"119,GIDC,Kathwada,Road No 6, Mumbai,400009,Maharashtra","Yogi COHS, B Wing, Flat No 202,60 Feet Road,Pimpri Colony,Pune, 411017,Maharashtra",QASAS3664R,673557488745,0,4142434546368,,2023252624,krrm@gmail.com,Indian,,,1980,41
30,Company KYC,,Harpreet Gurjeet Singh,Harpreet Singh,Sonali Singh,Saveta Singh,1980-03-12,Male,AB+,SEC 21 2nd Floor  B Block Ranjit Avenue Punchkula 134112 Haryana,"NTR Gardens,Khairtabad,Hyderabad,Telangana,500004","SEC-21 2nd Floor ,B-Block Ranjit Avenue,Punchkula,134112,Haryana",YBUTT41126L,655965655645,0,434254544143,,7100001712,hgs@gmail.com,Indian,,,1980,41
31,Company KYC,,Janhit Vinod Priti Gupta,Vinod Gupta,Priti Gupta,Sarika Gupta,1981-05-15,Male,AB+,H No 233 Gali No 1 Satha Near Bandh  Bulandshahar 203001 Uttarpradesh,"BEL,Maharajpur, Sahibabad,201010,Uttar Pradesh","H No 233,Gali No 1,Satha Near Bandh, Bulandshahar,203001,Uttarpradesh",SKGNJ3421L,851247155748,0,437212142234,,7120404540,jvpg@gmail.com,Indian,,,1981,40
32,Company KYC,,Reena Roop Sant,Roop Sant,Savita Sant,Rakesh Singh,1979-07-17,Female,B+,M Wing  H No 281 Sanjay Nagar Agra 282003 Uttar Pradesh,,"M Wing, H No 281,Sanjay Nagar,Agra,282003,Uttar Pradesh",OLPIT5445K,799875566365,0,554247424127,,5545575854,rrs@gmial.com,Indian,,,1979,42
33,Company KYC,,Kapil Hetentra Rita Singh,Hetentra Singh,Rita Singh,Neelam Singh,1981-02-12,Male,O+,Ground Floor Flat No  10 Olympica Soc Hazratganj 226001 Lucknow Uttar Pradesh,"ITI Mirzapur Road Naini, Prayagraj,211010,Uttar Pradesh","Ground Floor,Flat No, 10,Olympica Soc,Hazratganj,226001,Lucknow,Uttar Pradesh",ACBGH8758K,768674555867,0,615140301015,,7475767172,khrs@yahoo.com,Indian,,,1981,40
34,Company KYC,,Rahul Sudheer Khanna,Sudhir Khanna,Rekha Khanna,Sonika Khanna,1978-01-30,Male,O+,107 Defence Colony Meerut 250001 Uttar Pradesh,"Old Mahabalipuram Rd,Kumaran Nagar,Kamaraj Nagar,Semmancheri,Chennai,Tamil Nadu,600119","107,Defence Colony,Meerut,250001,Uttar Pradesh",FDGAS66524J,711223322014,0,4372121421355,,7122040454,rsk@gmail.com,Indian,,,1978,43
35,Company KYC,,Sunil Dhiraj Ravet,Dhiraj Ravet,Neha Ravet,Nikita Ravet,1981-04-15,Male,A-,503 Block B Marathon Nexworld Baner Pune 411045 Maharashtra,"1st Floor, Khandge Empire,Fun Square, Talegaon Dabhade, Pune,410506,Maharashtra","503 Block B,Marathon Nexworld,Baner,Pune,411045,Maharashtra",XZVCB4466N,734223322147,0,566646424127,,5745575854,sdr@gmail.com,Indian,,,1981,40
36,Company KYC,,Deeplata Jitendra Suman,Balaram Suman,Priti Suman,Jitendra Suman,1981-06-14,Female,O+,678/2  Gali No 6 Jhilmil Colony Santi Vihar  Jhansi  284003 Uttar Pradesh,"HCL,RT Nagar,Bangalore,560063,Karnataka","678/2, Gali No 6,Jhilmil Colony,Santi Vihar, Jhansi, 284003,Uttar Pradesh",NMCVB2467V,520477784456,0,615140321315,,7575767173,djs@gmail.com,Indian,,,1981,40
37,Company KYC,,Pankaj Mansingh Seema Mathur,Mansingh Mathur,Seema Mathur,Arachana Mathur,1987-10-25,Male,O+,59/D Simla House Nepeasea Road  August Kranti Marg  Mumbai  400036,"Plot No 1,Hadapsar Industrial Estate, Hadapsar, Pune,Maharashtra-411013","59/D-Simla House,Nepeasea Road, August Kranti Marg, Mumbai, 400036",AZSXD2488J,414223322221,0,47212142134,,7323040454,pms@fakemail.com,Indian,,,1987,34
38,Company KYC,,Rajeev Mahesh Chopda,Mahesh Chopda,Rakhi Chopda,Rani Chopda,1979-06-08,Male,A-,226 City Centre  Opp  Guru Nanak Bhawan  Near Bus Stand  Amritsar  Punjab 143001,"A Wing 4th Floor, Durian Estate,Western EXP Hwy, Goregaon, Mumbai,Maharastra-400063","226 City Centre, Opp, Guru Nanak Bhawan, Near Bus Stand, Amritsar, Punjab-143001",CVBZX3844M,454223322247,0,546247424127,,5775575857,rmc@fakemail.com,Indian,,,1979,42
39,Company KYC,,Ankur Dinesh Abha Jadhav,Dinesh Jadhav,Aabha Jadhav,Deepa Jadhav,1976-12-20,Male,O+,Plot 16 Grount Floor  Amar Stambh Zone 1  MP Nagar Jabalpur Madhya Pradesh 482004,"HPCL,B D Patil Marg, Chembur East, Mumbai-400074","Plot 16,Grount Floor, Amar Stambh,Zone 1, MP Nagar Jabalpur,Madhya Pradesh-482004",KLDFB2629V,580477784458,0,682840351816,,7554233994,adaj@gmail.com,Indian,,,1976,45
40,Company KYC,,Tiwari Megha Roop Manju,Roop Tiwari,Manju Tiwari,Rajesh Tiwari,1976-04-15,Female,O+,34/35 Mathura Vihar  Nr Vijay Nagar  Kanchan Vihar Gaya Bihar 823004,"Infosys,Hadapsar Industrial Estate, Hadapsar, Pune,Maharashtra-411013","34/35 Mathura Vihar, Nr Vijay Nagar, Kanchan Vihar Gaya,Bihar-823004",SXDAQ1433P,543223322357,0,67212842636,,9713099669,tmrm@fakemail.com,Indian,,,1976,45
41,Company KYC,,Mohit Mahesh Yadav,Mahesh Yadav,Rani Yadav,Rakhi Yadav,1979-06-08,Male,A-,Plot No26 7 Mantri Wadi S Vivekanand Road  Cachar Assam 788007,"N Wing 2th Floor, Durian Estate,Western EXP Hwy, Goregaon, Mumbai,Maharastra-400063","Plot No26-7 Mantri Wadi,S Vivekanand Road ,Cachar-Assam-788007",KEBTQ4694L,255233222462,0,566647424124,,9420457844,mmy@gmail.com,Indian,,,1979,42
42,Company KYC,,Ankur Dinesh Abha Kumri,Dinesh Kurmi,Aabha Kurmi,Deepa Kurmi,1976-12-20,Male,O+,Plot 125 Grount Floor  Amar Stambh Zone 1  Mohan Nagar Kalyan West Maharashtra 421301,"B D Patil Marg, Chembur East, Mumbai-400074","Plot 125,Grount Floor, Amar Stambh,Zone 1, Mohan Nagar,Kalyan West,Maharashtra-421301",UHDCB1765C,534477784458,0,192840301815,,7104237858,adak@fakemail.com,Indian,,,1976,45
43,Company KYC,,Tiwari Pooja Vijay Manju,Vijay Tiwari,Manju Tiwari,Hemandra  Tiwari,1976-04-11,Female,O+,06  Sangam Commercial Complex Gaya Railway Road Gaya Bihar 823004,"HFC,Hadapsar Industrial Estate, Hadapsar, Pune,Maharashtra-411013","06, Sangam Commercial Complex,Gaya Railway Road,Gaya,Bihar-823004",ZLOPM3437E,544712244125,0,60212842636,,9213099669,tpvm@fakemail.com,Indian,,,1976,45
44,Company KYC,,Mohit Mahesh Malik,Mahesh Malik,Rani Malik,Rakhi Malik,1979-06-18,Male,A-,H No 147 Mantri Wadi S Vivekanand Road  Cachar Assam 788007,"A,Wing 2th Floor, Hiranandani,Western EXP Hwy, Goregaon, Mumbai,Maharastra-400063","H No 147 Mantri Wadi,S Vivekanand Road ,Cachar-Assam-788007",XSDTQ4596T,731133222415,0,420147424127,,9420457844,mm@gmail.com,Indian,,,1979,42
45,Company KYC,,Kuldeep Dipendra Anita Saini,Dipendra Saini,Anita Saini,Deepa Saini,1976-12-20,Male,O+,25 Grount Floor  Amar Stambh Zone 1  Mohan Nagar Kalyan West Maharashtra 421301,"DY Patil Marg, Chembur East, Mumbai-400074","25,Grount Floor, Amar Stambh,Zone 1, Mohan Nagar,Kalyan West,Maharashtra-421301",UHDCB1765C,535477785458,0,192840301815,,7224237858,kda@fakemail.com,Indian,,,1976,45
46,Company KYC,,Gautam Sarita Ramesh Mita,Ramesh Gautam,Mita Gautam,Pushpendra  Gautam,1978-04-23,Female,O+,6 Jayshree  Shankar Soc Mira Road East Mumbai Maharashtra 401074,"Croma,Hadapsar Industrial Estate, Hadapsar, Pune,Maharashtra-411013","6 Jayshree, Shankar Soc,Mira Road East,Mumbai,Maharashtra-401074",MQMAL5722E,656301233216,0,64212842634,,9413099669,gsrm@gmail.com,Indian,,,1978,43
47,Company KYC,,Nitin Nilesh Rekha Singh,Nilesh Singh,Rekha Singh,Neelam Singh,1982-01-15,Male,B+,250 Jatia Kalewadi Phata Pimpri Pune  Maharashtra 413801,"L,Wing 2th Floor, Hiranandani,Western EXP Hwy, Andheri, Mumbai,Maharastra-400063","250 Jatia,Kalewadi Phata,Pimpri,Pune, Maharashtra-413801",TRBQT4591H,711433222414,0,420147424127,,3612382382,nnrs@fakemail.com,Indian,,,1982,39
48,Company KYC,,Rajnesh Rajendra Anita Thakur,Rajendra Thakur,Anita Thakur,Deepa Thakur,1976-12-20,Male,O+,B 183 Rajaji Puram Bhusawal  Maharashtra 425203,"401,Utsav Celebration CHS, Vastu Vihar, Sec 16,Kharghar Navi Mumbai,Maharashtra-410210","B-183,Rajaji Puram,Bhusawal, Maharashtra-425203",GGYHE6231K,585477784457,0,376840301846,,3245577812,rra@fakemail.com,Indian,,,1976,45
49,Company KYC,,Gautam Nikita Ramesh Meena,Ramesh Gautam,Meena Gautam,Hemant  Gautam,1981-05-15,Female,O+,6b Sultan Alam Road Mira Road East Mumbai Maharashtra 401074,"Shree Industrial Estate,VP Road,Dombivli,Maharashtra-421201","6b,Sultan Alam Road,Mira Road East,Mumbai,Maharashtra-401074",ASQBV4435E,655801233218,0,48282142637,,9125299655,gnrm@fakemail.com,Indian,,,1981,40
50,Company KYC,,Suraj Rajveer Rekha Shah,Rajveer Shah,Rekha Shah,Neelam Shah,1982-10-10,Male,B+,16/3 Jagannathan Road Kalewadi Phata Pimpri Pune  Maharashtra 413801,"401,Cosmos Park M G Road, Borivali East Mumbai,Maharashtra-400066","16/3 Jagannathan Road,Kalewadi Phata,Pimpri,Pune, Maharashtra-413801",DTBRQ3678L,717903222419,0,420147424127,,3612382382,nnrs@fakemail.com,Indian,,,1982,39
51,Company KYC,,Jitendra Rajendra Anita Kajla,Rajendra Kajla,Anita Kajla,Deepa Kajla,1976-12-20,Male,O+,C 35 Udyogpuram Industrial Estate Bhusawal  Maharashtra 425203,"Sec-17,Khanda Colony, Panvel,Navi Mumbai, Maharashtra-410206","C-35,Udyogpuram Industrial Estate,Bhusawal, Maharashtra-425203",FYKTR1155K,334477784453,0,132840301813,,3165577817,jrka@fakemail.com,Indian,,,1976,45
52,Company KYC,,Satpal Pawan Rakesh Manshi,Rakesh Satpal,Manshi Satpal,Niraj  Satpal,1981-06-15,Male,O+,16 Hari Om Heritage  Sector 21 Plot No8 Mira Road East Mumbai Maharashtra 401074,"Alexandra and Pal Estates Pvt. Ltd,Karjat (E), Maharashtra-410201","16,Hari Om Heritage, Sector 21,Plot No8,Mira Road East,Mumbai,Maharashtra-401074",QSMAL2112E,695571233270,0,43262142633,,2207742560,sprm@fakemail.com,Indian,,,1981,40
53,Company KYC,,Jay Rajvir Renu Vora,Rajvir Vora,Renu Vora,Nilima Vora,1982-10-10,Male,B+,B/103 Asmita Cres  Nr Asmita Club  Pimpri Pune  Maharashtra 413801,"Ground Floor, Arihant Tower,Karjat,Maharashtra-410201","B/103,Asmita Cres, Nr Asmita Club,,Pimpri,Pune, Maharashtra-413801",QDTBR5678J,933733222413,0,323147424327,,3712382382,jrrv@fakemail.com,Indian,,,1982,39
54,Company KYC,,Vardan Rajendra Anita Sharma,Rajendra Sharma,Anita Sharma,Deepa Sharma,1976-12-20,Male,O+,C 35 Udyogpuram Industrial Estate Bhusawal  Maharashtra 425203,"Sec-17,Khanda Colony, Panvel,Navi Mumbai, Maharashtra-410206","C-35,Udyogpuram Industrial Estate,Bhusawal, Maharashtra-425203",TFYKR1855K,3364477784456,0,432840301814,,3265577812,vras@fakemail.com,Indian,,,1976,45
55,Company KYC,,Parab Shabdantika Rakesh Manshi,Rakesh Parab,Manshi Parab,Niraj  Parab,1983-03-15,Female,O+,A/601 DSK Saraswati Vaishet Pada No8 Mira Road East Mumbai Maharashtra 401074,"Alexandra and Pal Estates Pvt. Ltd,Khopoli, Maharashtra-410201","A/601,DSK Saraswati,Vaishet Pada No8,Mira Road East,Mumbai,Maharashtra-401074",JHBNM2112E,706540985688,0,49262142639,,7207742561,psrm@fakemail.com,Indian,,,1983,38
56,Company KYC,,Hasti Rajvir Renu Vora,Rajvir Vora,Renu Vora,Nilima Vora,1982-10-10,Female,B+,H No 17 Sunder Prakash Co hsg society Pimpri Pune  Maharashtra 413801,"Ground Floor, Arihant Tower,Kalyan,Maharashtra-410201","H No-17 Sunder Prakash Co.hsg.society,Pimpri,Pune, Maharashtra-413801",TGFRD5678J,685817151028,0,343147424324,,2382371238,hrv@fakemail.com,Indian,,,1982,39
57,Company KYC,,Rikita Rajendra Anita Modi,Rajendra Modi,Anita Modi,Dipak Modi,1976-12-20,Female,O+,Plot No F 7  Industrial Area Bhusawal  Maharashtra 425203,"Sec-11,Khanda Colony, Panvel,Navi Mumbai, Maharashtra-410206","Plot No F-7, Industrial Area,Bhusawal, Maharashtra-425203",KRTFY9855K,541859517694,0,472840301819,,9480644270,rram@fakemail.com,Indian,,,1976,45
58,Company KYC,,Dhawan Adwait Anil Manisha,Anil Dhawan,Manisha Dhawan,Nilam  Dhawan,2001-02-15,Male,O+,D/521 Visava CHS Haji Bapu Road Dahisar Mumbai Maharashtra 401074,"3/2, Vannier Street, Armenian St, Next to, Parry's Corner, Chennai, Tamil Nadu 600001","D/521,Visava CHS Haji Bapu Road,Dahisar,Mumbai,Maharashtra-401074",NMJHB4343R,336425348693,0,496548426568,,7267742575,daam@fakemail.com,Indian,,,2001,20
59,Company KYC,,Kanishka Kaustubh Richa Khopar,Kaustubh Khopar,Richa Khopar,Nihal Khopar,1985-09-11,Female,B+,A/33 Kailashchandra CHS LTD Mahindra Nagar Kohlapur Maharashtra 413801,"102, Roop Kamal Building, C-55, Sarojini Marg, Jaipur, Rajasthan 302001","A/33,Kailashchandra CHS LTD,Mahindra Nagar,Kohlapur,Maharashtra-413801",ERFRD2678R,277757497247,0,383847823858,,5382371235,kkrk@fakemail.com,Indian,,,1985,36
60,Company KYC,,Yeshvi Jignesh Ankita Shah,Jignesh Shah,Ankita Shah,Dinesh Shah,1976-12-20,Female,O+,H No 21 Om Sai Krupa bldg Nagpur  Maharashtra 425203,"No. 3/33, L.I.G. Colony, L.I.G. Chouraha, Behind Maya Medical Store, A. B. Road, Mahatma Gandhi Road, Rajwada, Maharaja Tukoji Rao Holker Cloth Market, Indore, Madhya Pradesh 452008","H No 21,Om Sai Krupa bldg,Nagpur, Maharashtra-425203",KDTFD9800N,502347284245,0,642043406724,,9180644271,yjas@fakemail.com,Indian,,,1976,45
61,Company KYC,,Nayak Dron Sehul Shwati,Sehul Nayak,Shwati Nayak,Dilip  Nayak,2001-02-15,Male,A-,G 2 Sayani Chawl Ranisati Marg Opp Laxminarayan Temple Panvel Maharashtra 401074,"162, Prakash Industrial Estate, Sahibabad Industrial Area Site 4, Sahibabad, Ghaziabad, Uttar Pradesh 201005","G-2,Sayani Chawl Ranisati Marg,Opp Laxminarayan Temple,Panvel,Maharashtra-401074",BVCHT5762E,611235813807,0,496548427526,,9257423432,ndss@fakemail.com,Indian,,,2001,20
62,Company KYC,,Yamini Akhilesh Richa Prajapati,Akhilesh Prajapati,Richa Prajapati,Nitin Prajapati,1985-09-11,Female,B+,SP 21  Sector C Chetan ViharColony Satara Maharashtra 413801,"3f,r31, 15, Contractor Bldg, Vaju Kotak Marg, Fort Bangalore, Karnataka, 400001","SP 21, Sector C,Chetan ViharColony,Satara,Maharashtra-413801",NNTUI4030H,945710073845,0,380007823812,,9707427422,yar@fakemail.com,Indian,,,1985,36
63,Company KYC,,Vedika Manish Ankita Patil,Manish Patil,Ankita Patil,Rajesh Patil,1976-12-20,Female,O+,705 Ashirwad Building C 3 Near Kabutar Khana Nagpur  Maharashtra 425203,"World Trade Center, Tower A, Office no. 407 and 408, opposite Eon It Park, Kharadi, Pune, Maharashtra 411014","705,Ashirwad Building C-3,Near Kabutar Khana,Nagpur, Maharashtra-425203",GDTFG9806N,964654539566,0,652043406755,,7067424721,vma@fakemail.com,Indian,,,1976,45
64,Company KYC,,Tripathi Anirudh Shahil Simran,Shahil Tripathi,Simran Tripathi,Dhirandra  Tripathi,2001-01-15,Male,A-,H NO 01 Rani Laxmi Marg  Krishna Nagar Khopoli Maharashtra 401074,"9, Garasia House,Near Jai Mata Di Mandir,, Charat Singh Colony, Chagan Bhika Patel Chawl, New AG Link Road, Andheri East, Mumbai, Maharashtra 400093","H NO 01,Rani Laxmi Marg ,Krishna Nagar,Khopoli,Maharashtra-401074",VVCHT5764E,937296553342,0,57752142655,,9757443967,tass@fakemail.com,Indian,,,2001,20
65,Company KYC,,Khushi Akhilesh Richa Prajapati,Akhilesh Prajapati,Richa Prajapati,NeerajPrajapati,1985-09-11,Female,O+,2  1st Floor West Row  CircusAvenue Satara Maharashtra 413801,"183, 1st Floor, Bazar Gate, Perin Nariman St, Borabazar Precinct, Ballard Estate, Fort, Mumbai, Maharashtra 400001","2, 1st Floor,West Row, CircusAvenue,Satara,Maharashtra-413801",NTUJN4737H,965731576875,0,383007823832,,9424389345,karp@fakemail.com,Indian,,,1985,36
66,Company KYC,,Sanika Manish Ankita Gopale,Manish Gopale,Ankita Gopale,RagvendraGopale,1976-12-20,Female,O+,4/996  Old Mahabalipuram Road Nagpur  Maharashtra 425203,"Peninsula Business Park, Ganapatrao Kadam Marg, Lower Parel West, Mumbai, Maharashtra 400013","4/996, Old Mahabalipuram Road,Nagpur, Maharashtra-425203",TFGGD9836N,686622638287,0,642043406745,,9434020143,smag@fakemail.com,Indian,,,1976,45
67,Company KYC,,Pingle Mayur Shahil Simran,Shahil Pingle,Simran Pingle,Neha Pingle,1999-03-15,Male,AB-,B/103  Asmita Cres  Nr Asmita Club Khopoli Maharashtra 401074,"software development company SCO 112,113, 1st floor, Sector 34A, Chandigarh, 160022","B/103, Asmita Cres, Nr Asmita Club,Khopoli,Maharashtra-401074",CFDHT5761E,987296552548,0,55252142578,,9757443967,pmss@fakemail.com,Indian,,,1999,22
68,Company KYC,,Aachal Akhilesh Richa Ambaliya,Akhilesh Ambaliya,Richa Ambaliya,NeerajAmbaliya,1988-09-11,Female,O+,2nd Floor Centre Point  Above Pizza Hut Circus Avenue Satara Maharashtra 413801,"Mahashakti All India Transport Co.BG- 238, BG, Sanjay Gandhi Transport Nagar, New Delhi,  110042","2nd Floor Centre Point, Above Pizza Hut Circus Avenue,Satara,Maharashtra-413801",ZDQJN4767H,687413507687,0,303007823837,,9024389345,aara@fakemail.om,Indian,,,1988,33
69,Company KYC,,Deepa Mahesh Ankita Dhale,Mahesh Dhale,Ankita Dhale,Rajendra Dhale,1976-12-20,Female,O+,18  Civic Centre  Khandelwal Complex  Opp Prabhu Vandana Talkies Nagpur  Maharashtra 425203,"Bsquare - IT Software Companies E 57/ GF I, Abul Fazal Enclave, Part-1 Block D, Jamia Nagar, Okhla, New Delhi, Delhi 110025","18, Civic Centre, Khandelwal Complex, Opp Prabhu Vandana Talkies,Nagpur, Maharashtra-425203",XSDGD4836N,606622638287,0,602043406745,,9034020143,dmad@fakemail.com,Indian,,,1976,45
70,Company KYC,,More Hitesh Shahil Sikha,Shahil More,Sikha More,Neetu More,1986-04-21,Male,AB-,330  Goshamahal Road  Begum Baza Lonavala Maharashtra 401074,"Groz Beckert Asia Pvt Ltd 133-135, Phase I, Industrial Area, Chandigarh, 160002","330, Goshamahal Road, Begum Baza,Lonavala,Maharashtra-401074",DHTCF0761E,987254829655,0,95252142585,,9757443976,mhss@fakemail.com,Indian,,,1986,35
71,Company KYC,,Saniya Akhil Ritu Maniyar,Akhil Maniyar,Ritu Maniyar,NirajManiyar,1988-07-24,Female,B+,Plot No 430A  Industrial Area  Phase II Satara Maharashtra 413801,"Metal Seam Co. Pvt. Ltd.B-6, Talkatora Rd, Talkatora, Lucknow, Uttar Pradesh 226009","Plot No 430A, Industrial Area, Phase II,Satara,Maharashtra-413801",QJNZD9767H,687476871350,0,943007823849,,9024389334,sar@fakemail.com,Indian,,,1988,33
72,Company KYC,,Anita Manish Archna Dhale,Manish Dhale,Archna Dhale,Rakesh Dhale,1989-05-23,Female,O+,10  Patrakar Colony Vidhansabha Road Rajiv Nagar Nagpur  Maharashtra 425203,"Cyient Limited Plot No. - 7, Dadri Main Rd, Noida Special Economy Zone, sec 82, Phase-2, Noida, Uttar Pradesh 201305","10, Patrakar Colony,Vidhansabha Road,Rajiv Nagar,Nagpur, Maharashtra-425203",DGDXS8346N,68287602263,0,9120434067179,,9034020173,amad@fakemail.com,Indian,,,1989,32
73,Company KYC,,Sharma Vishal Shailesh ,Shailesh Sharma,Sania Sharma,Niharika Sharma,1986-04-21,Male,AB-,111 Pettah Jn  Anayara Road Lonavala Maharashtra 411074,"Karnataka State Construction Corporation Limited 1st Block, Rajaji Nagar, Rajaji Nagar, Bengaluru, Karnataka 560010","111,Pettah Jn, Anayara Road,Lonavala,Maharashtra-411074",DHTHG9631E,987254829745,0,9525214254421,,9757003976,svs@fakemail.com,Indian,,,1986,35
74,Company KYC,,Sikha Anuj Renu Rathor,Anuj Rathor,Renu Rathor,Navjot  Rathor,1988-07-24,Female,AB+,102 Truck Parking  AB Rd  Satara Maharashtra 413844,"Karnataka State Tourism Development Corporation,BMTC bus stand building, Ground Floor, Yeshwanthpur, Bangalore - 560022","102 Truck Parking, AB Rd, Satara,Maharashtra-413844",SHGJL4729H,687476871397,0,943007820009,,9862389334,sarr@fakemail.com,Indian,,,1988,33
75,Company KYC,,Anju Mahendra Abhilasha Singh,Mahendra Singh,Abhilasha Singh,Ravi Singh,1989-05-23,Female,O+,P2  Awadh Puri  Opposite Ram Mandir Bhushawal  Maharashtra 425260,"AVA Systems - Mobile Signal & Network Booster Company in Jaipur E-62 Govindpuri, Ram Nagar, Sodala, Jaipur, Rajasthan 302019","P2, Awadh Puri, Opposite Ram Mandir,Bhushawal, Maharashtra-425260",DGSXY8341N,67287602241,0,9120000067179,,9934028173,amas@fakemail.com,Indian,,,1989,32
76,Company KYC,,Shirke Vaasu Satish ,Satish Shirke,Sunita Shirke,Nirja Shirke,1986-05-21,Male,AB-,Plot No 51 A  Ranjana Enclav Lonavala Maharashtra 411074,"Quality Manufacturing Company No. 5, Subhash Estate, Oshiwara Bridge Lane, Oshiwara, S., V. Road, Jogeshwari, Mumbai, Maharashtra 400102","Plot No-51 A, Ranjana Enclav,Lonavala,Maharashtra-411074",DHTIG9639E,987250829740,0,9520004254421,,9997003976,sv@fakemail.com,Indian,,,1986,35
77,Company KYC,,Rathor Shivani Aniket ,Aniket Rathor,Rekha Rathor,Noval  Rathor,1986-08-24,Female,AB+,B 89  New Vishwakarma Nagar Satara Maharashtra 413844,"ALL INDIA PAPER CO.183, 1st Floor, Bazar Gate, Perin Nariman St, Borabazar Precinct, Ballard Estate, Fort, Mumbai, Maharashtra 400001","B,89, New Vishwakarma Nagar,Satara,Maharashtra-413844",YHGJL6726H,680006871397,0,943407820709,,9800389334,rsa@fakemail.com,Indian,,,1986,35
78,Company KYC,,Aakriti Mohit Aabhas Sonar,Mohit Sonar,Aabhas Sonar,RajeevSonar,1988-05-23,Female,O+,120 Okay PLUS House  Kiran Path  Suraj Nagar Bhushawal  Maharashtra 425261,"All India Surgical Company Raja Rammohan Roy Rd, Prarthana Samaj, Khetwadi, Girgaon, Mumbai, Maharashtra 400004","120,Okay PLUS House, Kiran Path, Suraj Nagar Bhushawal, Maharashtra-425261",YGSXY8348N,67200602241,0,9120055067179,,9034028173,amas@fakemail.com,Indian,,,1988,33
79,Company KYC,,Thakkar Daksh Sushil,SushilThakkar,Savita Thakkar,Niharika Thakkar,1986-06-21,Male,B+,8/9  Shreeji Estate  Veraval Main Rd  Opp Sumangal Casting Lonavala Maharashtra 411374,"Daeshan trading India pvt Ltd Kashinjali Complex, Shop No.5, Aagashi Road, Bristol. Vitthal Mandir, Opp., HDFC, Thane, Maharashtra 400202","8/9, Shreeji Estate, Veraval Main Rd, Opp Sumangal Casting,Lonavala,Maharashtra-411374",HTIGD9039F,577250829740,0,1520004254423,,9870552789,tds@fakemail.com,Indian,,,1986,35
80,Company KYC,,Choubey Jyoti Ankit ,Ankit Choubey,Rekha Choubey,Nilesh  Choubey,1986-09-24,Female,A+,B 33  Site   1  B S Road Indl Area Satara Maharashtra 413843,"EcoEat India Pvt. Ltd Gala No.1, House No:4157 Nr. Skay Hotel Vanganpada, Pelhar, Vasai-Virar, Maharashtra 401202","B 33, Site - 1, B S Road Indl Area,Satara,Maharashtra-413843",HGJYL6723H,280006871392,0,243407820729,,8800389338,cja@fakemail.com,Indian,,,1986,35
81,Company KYC,,Pooja Mahipal Abhilasha Sonar,Mahipal Sonar,Abhilasha Sonar,Rajiv Sonar,1988-05-14,Female,B+,13/17  4th Floor  Kanchan Bhawan  Rajendra Nagar  Bhushawal  Maharashtra 475261,"Chemiline intermids india pvt. Ltd. Plot no. 47 sector II, The vasai taluka indl co-op estate, Gavraipada Rd, Vasai East, Vasai-Virar, Maharashtra 401208","13/17, 4th Floor, Kanchan Bhawan, Rajendra Nagar, Bhushawal, Maharashtra-475261",GSXYY5348N,77200602247,0,3120055067173,,6034028176,pma@fakemail.com,Indian,,,1988,33
82,Company KYC,,Thakkar Ranvir Surendra,SurendraThakkar,Sarita Thakkar,Neelu Thakkar,1986-02-21,Male,B+,Plot No 25  Institutional Area Sec 27 Lonavala Maharashtra 433374,"3Pillar Global Noida CANDOR TECHSPACE B-2 Sector 62 Tower 3, Noida, Uttar Pradesh 201309","Plot No 25, Institutional Area,Sec 27,Lonavala,Maharashtra-433374",DBIGD9439B,347250829740,0,1520994254423,,9870552999,trs@fakemail.com,Indian,,,1986,35
83,Company KYC,,Keshwa Asmita Anurudh ,Anurudh Keshwa,Rakhi Keshwa,Rajvir  Keshwa,1986-09-24,Female,A+,38  Avishkar Complex  Old Padra Road Satara Maharashtra 453843,"Stable Packaging Pvt. Ltd.Noida Special Economy Zone, Block A, Sector 81, Noida, 201305","38, Avishkar Complex, Old Padra Road,Satara,Maharashtra-453843",DCJYL1723C,340006871392,0,243997820729,,8990389338,kaa@fakemail.com,Indian,,,1986,35
84,Company KYC,,Beena Mahesh Asmita Samuel,Mahesh Samuel,Asmita Samuel,Krishan Samuel,1988-05-24,Female,B+,461  Apmc Mkt   1  central Facility Bldg No  Phase 2  Sector 19  Bhushawal  Maharashtra 475001,"Cyient Limited Plot No. - 7, Dadri Main Rd, Noida Special Economy Zone, sec 82, Phase-2, Noida, Uttar Pradesh 201305","461, Apmc Mkt - 1 ,central Facility Bldg No, Phase 2, Sector 19, Bhushawal, Maharashtra-475001",DRXYY4348R,34200602247,0,3120995067173,,6034998176,bmas@fakemail.com,Indian,,,1988,33
85,Company KYC,,Variava Rishi Jitendra,JitendraVariava,Sarita Variava,Kamna Variava,1986-02-21,Male,B+,1301 Maa Enrich Jangla Nagar Near Bank of Maharashtra Lonavala Maharashtra 433374,"Sharangdhar Pharmaceuticals Pvt. Ltd. Pune 36-A, Shivmangal Society, 1535, Sadashiv Peth,, Tilak Road, Tilak Smarak Bylane, Perugate, Sadashiv Peth, Pune, Maharashtra 411030","1301,Maa Enrich,Jangla Nagar,Near Bank of Maharashtra,Lonavala,Maharashtra-433374",KDBIG3439B,707250829740,0,3100994254423,,9870352999,vrj@fakemail.com,Indian,,,1986,35
86,Company KYC,,Variava Riddhi Anil,JitendraVariava,Rakhi Variava,Rajvir  Variava,1986-09-24,Female,A+,204  Nimbalkar Chambers  Kharivav Road  Dandia Bazar Satara Maharashtra 453843,"Eisen Pharmaceuticals 34/7 Erandwana, Near Deenanath Mangeshkar Hospital, opposite IDBI Bank, Pune, Maharashtra 411004","204, Nimbalkar Chambers, Kharivav Road, Dandia Bazar,Satara,Maharashtra-453843",JYLDC7723C,700006871392,0,347997820729,,8995089338,vra@fakemail.com,Indian,,,1986,35
87,Company KYC,,Vrushti Mahesh Riddhi Limbachiya,Mahesh Limbachiya,Riddhi Limbachiya,Krishan Limbachiya,1988-05-24,Female,B+,205  Hari Om Nagar Sector 21  Plot No 8 Bhushawal  Maharashtra 475026,"MATSON PHARMA PVT.LTD A-4, 801 KumarPrimavera Society, Sai Nathan Nagar, Wadgaon Sheri, Pune, Maharashtra 411014","205, Hari Om Nagar Sector 21, Plot No 8,Bhushawal, Maharashtra-475026",XYYDR1348R,702506022407,0,3420995067173,,6504998176,vmrl@fakemail.com,Indian,,,1988,33
88,Company KYC,,Variava Janhit Chandrapal,Chandrapal Variava,Sarita Variava,Khushi Variava,1986-02-27,Male,B+,12  1st Fl  174  Gold Mohur  Princess Street  Chira Bazar  Lonavala Maharashtra 223374,"Kompress Delhi 2E/6 Moti Bhawan, Jhandewalan Extension, Jhandewalan, New Delhi, Delhi 110055","12, 1st Fl, 174, Gold Mohur, Princess Street, Chira Bazar ,Lonavala,Maharashtra-223374",HDBIG4439B,647250829740,0,6400994254423,,6470352999,vjc@fakemail.com,Indian,,,1986,35
89,Company KYC,,Sharma Sarika Dinesh ,Dinesh Sharma,Shilpa Sharma,Manoj Sharma,1986-09-24,Female,A+,56/333  Mahavir Chmbs  Samuel Street  Nagdevi Satara Maharashtra 363843,"Ozg Back Office (Backend) Jobs Consultant 35, Main Patel Rd, Block 2, East Patel Nagar, Patel Nagar, New Delhi, Delhi 110008","56/333, Mahavir Chmbs, Samuel Street, Nagdevi,Satara,Maharashtra-363843",HYLDC7723C,640006871392,0,647997820729,,6495089338,ssd@fakemail.com,Indian,,,1986,35
90,Company KYC,,Vaishali Srikant Arpita Limbachiya,Srikant Limbachiya,Arpita Limbachiya,Chetan Limbachiya,1990-05-24,Female,B+,1  Jawahar Kunj  Daftari Road  Shivaji Chowk Bhushawal  Maharashtra 545026,"EPFO Head Office 14 Bhavishya Nidhi bhawan, Bhikaji Cama Place, Rama Krishna Puram, New Delhi, Delhi 110066","1, Jawahar Kunj, Daftari Road, Shivaji Chowk,Bhushawal, Maharashtra-545026",HYYDR5348R,642506022407,0,6420995067173,,6404998176,vsal@fakemail.com,Indian,,,1990,31
91,Company KYC,,Mathur Manoj Vivek,Vivek Mathur,Anjli Mathur,Megha Mathur,1986-02-27,Male,A+,911  Tulsiani Chambers Lonavala Maharashtra 223374,"Lace india company C90, C Blook, Sector 10, Noida, Uttarpradesh 201301","911, Tulsiani Chambers,Lonavala,Maharashtra-223374",ATBIG4454B,432250829740,0,6400994254432,,4320352999,mvm@gmail.com,Indian,,,1986,35
92,Company KYC,,Jain Sarika Rekha Deepak ,Deepak Jain,Rekha Jain,Manoj Jain,1986-09-24,Female,A+,79  M G Road  Raja Rammohan Roy Satara Maharashtra 363843,"Emerson Automation Solutions Tower A, Windsor IT Park, A-1, Sector 125, Noida, Uttar Pradesh 201301","79, M G Road, Raja Rammohan Roy,Satara,Maharashtra-363843",AXLDC3723A,432006871392,0,647997820432,,4325089338,jsrd@fakemail.com,Indian,,,1986,35
93,Company KYC,,Vaishali Srikant Arpita Verma,Srikant Verma,Arpita Verma,Chetan Verma,1991-07-26,Female,O+,149/1  M K Hardware  H Cross Sampige Main Road Bhushawal  Maharashtra 545026,"Control Electric Co. Pvt. LtdA80, Sector 80, Phase-2, Noida, Uttar Pradesh 201305","149/1, M K Hardware, H Cross Sampige Main Road,Bhushawal, Maharashtra-545026",AZYDR6848Z,432506022407,0,6420995067432,,4324998176,vsav@gmail.com,Indian,,,1991,30
94,Company KYC,,Verma Akash Vivek,Vivek Verma,Anjli Verma,Meghna Verma,1987-02-27,Male,A+,56  1st Floor  Ahmed Oomerbhai Bldg  Lonavala Maharashtra 563374,"West Bengal Power distribution co Shibtala, Becharhat P, West Bengal 713101","56, 1st Floor, Ahmed Oomerbhai Bldg, Lonavala,Maharashtra-563374",NTSIG4454B,432250829536,0,5360994254432,,4320352536,mvm@gmail.com,Indian,,,1987,34
95,Company KYC,,Jain Priyanka Rekha Deepak ,Deepak Jain,Rekha Jain,Nitin Jain,1984-09-24,Female,A+,53  Mukhram Kanoria Road Satara Maharashtra 363843,"West Bengal Supply Agency 35, Armenian St, Kesoram Katra, Bortola, B.B.D. Bagh, Kolkata, West Bengal 700001","53, Mukhram Kanoria Road,Satara,Maharashtra-363843",NTSDC3723A,432006871536,0,536997820432,,4325089536,jsrd@fakemail.com,Indian,,,1984,37
96,Company KYC,,Tanu Srikant Arpita Verma,Srikant Verma,Arpita Verma,Dev Verma,1995-07-26,Female,O+,710 Nr Hira Monica Marriage Bhushawal  Maharashtra 545026,"Mechanical Engineering Company 14, 1/1, Salkia, Howrah, West Bengal 711106","710,Nr Hira Monica Marriage,Bhushawal, Maharashtra-545026",NTWDR6848Z,432506022536,0,5360995067432,,4324998536,vsav@gmail.com,Indian,,,1995,26
97,Company KYC,,Verma Aakshit Kapil,Kapil Verma,Sushma Verma,Megha Verma,1985-02-27,Male,A+,D 9  Shah Ind Area  New Chandra  Veera Desai Rd Lonavala Maharashtra 563374,"B C Oswal & Co 324, Raviwar Peth, Opp: Subhanshah Darga, Pune, Maharashtra 411002","D-9, Shah Ind Area, New Chandra, Veera Desai Rd,Lonavala,Maharashtra-563374",OLSIG4451B,612250829561,0,5360994254400,,9470352536,avp@fakemail.com,Indian,,,1985,36
98,Company KYC,,Jain Pankaj Rekha Dilip ,Dilip Jain,Rekha Jain,Archna Jain,1984-09-21,Male,A+,B/3 Rajhansa Soceity  Near Best Depot Satara Maharashtra 363843,"VNS Group of CompanyOffice No. 11, Shubham Society, 476 Narayan Peth, Near Lokhande Talim Chowk, Pune, Maharashtra 411030","B/3 Rajhansa Soceity, Near Best Depot Satara,Maharashtra-363843",OMSDC2723A,612006871524,0,536997820100,,9625089536,jprd@fakemail.com,Indian,,,1984,37
99,Company KYC,,Abhinash Suraj Arpita Verma,Suraj Verma,Arpita Verma,Deepika Verma,1995-07-21,Male,O+,Room No 152  5  Ashirwad Indl estate  Ram Mandir Road Bhushawal  Maharashtra 545026,"Advantage Advertising Company Pune MG Road, beside HUNS Electronics, Camp, Pune, Maharashtra 411001","Room No.152, 5, Ashirwad Indl.estate, Ram Mandir Road,Bhushawal, Maharashtra-545026",OBWDR1848Z,612506022554,0,5360995060032,,9624998536,asav@fakemail.com,Indian,,,1995,26
100,Company KYC,,Verma Vivek Anil,Anil Verma,Rani Verma,Soni Verma,1984-01-21,Male,A+,678/2 Chak Raghunath  Jhilmil Colony Lonavala Maharashtra 563374,"Surya Engineering Company No. 2, Dr. R. N. Tagore Road, Dunlop & Dakhineshwar, Kolkata, 700076","678/2 Chak Raghunath, Jhilmil Colony Lonavala,Maharashtra-563374",ERSIG4451B,702250829561,0,7060994254400,,5570352536,vva@fakemail.com,Indian,,,1984,37
101,Company KYC,,Jain Rajiv Rekha Vijay ,Vijay Jain,Rekha Jain,Archna Jain,1984-09-17,Male,O+,671a  Railway Quarter Satara Maharashtra 363843,"R B Agarwalla and Company 6th Floor, 2/6 Sarat Bose Road Central Plaza, Suite # 606, Kolkata, West Bengal 700020","671a, Railway Quarter,Satara,Maharashtra-363843",UISDC2723A,702006871524,0,706997820100,,5525089536,jrrv@fakemail.com,Indian,,,1984,37
102,Company KYC,,Ankur Suraj Piryali Verma,Suraj Verma,Piryali Verma,Leela Verma,1995-07-14,Male,O+,67a Hewat Road  Bhushawal  Maharashtra 545026,"Calcutta Plastic Company 21, Synagogue St, China Bazar, Kolkata, West Bengal 700001","67a Hewat Road, Bhushawal, Maharashtra-545026",SDWDR1848Z,702506022554,0,7060995060032,,5524998536,aspv@fakemail.com,Indian,,,1995,26
103,Company KYC,,Tapkire Amar Babalu,Babalu Tapkire,Rani Tapkire,Meenu Tapkire,1984-01-21,Male,A+,1195 Fergusson Col  Tukaram Padulka Lonavala Maharashtra 563374,"Silicon Sealants628, Vidhayadharji Ka Rasta, Tripoliya Bazar, Tripoliya Bazar, Jaipur, Rajashtan 302002","1195 Fergusson Col, Tukaram Padulka Lonavala,Maharashtra-563374",BVCIG4456C,704850829561,0,7060994254475,,5570352583,tab@fakemail.com,Indian,,,1984,37
104,Company KYC,,Gupta Amit Sushila Vijay ,Vijay Gupta,Sushila Gupta,Laxmi Gupta,1984-09-17,Male,O+,67  Hemu Classic Bldg  S V Road Solapur Maharashtra 663843,"Ferring Pharmaceuticals Jaipur Unnamed Road, Hawa Sadak, Sharma Colony, Bais Godam, Jaipur, Rajasthan 302006","67, Hemu Classic Bldg, S V Road,Solapur,Maharashtra-663843",ZLSDC2723L,702486871524,0,706997820175,,8325089583,gasv@fakemail.com,Indian,,,1984,37
105,Company KYC,,Shubham Ankit Payal Tapkire,Ankit Tapkire,Payal Tapkire,Lalita Tapkire,1995-08-14,Male,O+,10  Konkan Nagar  Hit Niketan J M RdBhushawal  Maharashtra 745026,"India Engineering Company Shop no, 160, Sansarchandra Rd, near City Centre, Pink City, Jaipur, Rajasthan 302001","10, Konkan Nagar, Hit Niketan J M RdBhushawal, Maharashtra-745026",KJWDR6848J,704806022554,0,7060995067532,,8324998533,sapt@fakemail.com,Indian,,,1995,26
106,Company KYC,,Tapkire Atul Balvir,Balvir Tapkire,Rajkumari Tapkire,Sarika Tapkire,1984-01-21,Male,A+,145 Fergusson Col  Tukaram Padulka Lonavala Maharashtra 563374,"Silicon Sealants628, Vidhayadharji Ka Rasta, Tripoliya Bazar, Tripoliya Bazar, Jodhpur, Rajashtan 202002","145 Fergusson Col, Tukaram Padulka Lonavala,Maharashtra-563374",BVCIG4621K,734850829563,0,7330994254475,,7170352583,tab@fakemail.com,Indian,,,1984,37
107,Company KYC,,Gupta Ankit Sikha Vijay ,Vijay Gupta,Sikha Gupta,Nilam Gupta,1984-09-17,Male,O+,475  S V Road Solapur Maharashtra 663843,"Ferring Pharmaceuticals Jaipur Unnamed Road, Hawa Sadak, Sharma Colony, Bais Godam,Bharatpur, Rajasthan 302145","475  S V Road,Solapur,Maharashtra-663843",ZLSDC2780J,742486871523,0,736997820175,,7125089583,gasv@fakemail.com,Indian,,,1984,37
108,Company KYC,,Kapil Ankit Priynka Tapkire,Ankit Tapkire,Priynka Tapkire,Leelawati Tapkire,1995-08-14,Male,O+,101  Konkan Nagar J M Rd Bhushawal  Maharashtra 745026,"India Engineering Company Shop no, 160, Sansarchandra Rd, near City Centre, Pink City, Ganganagar, Rajasthan 302451","101, Konkan Nagar,J M Rd,Bhushawal, Maharashtra-745026",KJWDR6386H,744806022553,0,7260995067532,,7124998533,kapt@fakemail.com,Indian,,,1995,26
109,Company KYC,,Soni Abhishek Kapil,Kapil Soni,Jaidevi Soni,Pooja Soni,1984-04-21,Male,A+,214  Ahata Meer Bukhari Pune Road Lonavala Maharashtra 623374,"Bombay Ammonia & Chemicals Company Chystal Paradise, Themal, 405, 4th Floor, Opposite Reliance Fresh, V D Road, Andheri West, 400053","214, Ahata Meer Bukhari,Pune Road Lonavala,Maharashtra-623374",CIGBV4645K,712250829563,0,1220994254475,,7122352583,sak@fakemail.com,Indian,,,1984,37
110,Company KYC,,Gupta Neeraj Piriti Akash ,Akash Gupta,Piriti Gupta,Nilam Gupta,1989-09-17,Male,O+,46 Anusuya Apt Opp Rly Station Solapur Maharashtra 612843,"Vacuum Forming Bhim Nagar, Andheri East, Andheri, Maharashtra 400053","46 Anusuya Apt,Opp Rly Station,Solapur,Maharashtra-612843",SDCZL8780J,712586871523,0,731257820175,,7121269583,gnpa@fakemail.com,Indian,,,1989,32
111,Company KYC,,Adesh Neeraj Priynka Soni,Neeraj Soni,Priynka Soni,Laveena Soni,1991-08-14,Male,O+,112  Guru Nanak Pura  Civil Lines Manmad  Maharashtra 664120,"Taj Pharma Azad Nagar Post office, Andheri (w) Maharashtra 400053","112, Guru Nanak Pura, Civil Lines,Manmad, Maharashtra-664120",WDRKJ5886H,712306022553,0,7260995067123,,7112398533,anps@fakemail.com,Indian,,,1991,30
112,Company KYC,,Soni Pooja Mithla Kapil,Kapil Soni,Mithla Soni,Abhishek Soni,1984-04-21,Female,O+,186e  Bhai Randhir Singh N Pune Road Lonavala Maharashtra 623374,"All India Transport CoMadanayakahalli, Bengaluru,Karnataka 562162","186e, Bhai Randhir Singh N Pune Road Lonavala,Maharashtra-623374",CIGBV4546K,824250829563,0,8240994254475,,8242352583,spmk@fakemail.com,Indian,,,1984,37
113,Company KYC,,Gupta Niharika Piriti Amit ,Amit Gupta,Piriti Gupta,Jitendra Gupta,1989-09-17,Female,A+,Plot No 430A  Industrial Area  Phase II Solapur Maharashtra 612843,"All karnataka waterproofing.coRajiv Gandhi Nagar, Near Masjid, HSR Layout, 7th, Sector, Bangalore, Bengaluru, Karnataka 560068","Plot No 430A, Industrial Area, Phase II,Solapur,Maharashtra-612843",SDCZL8087J,824586871523,0,823257820175,,8241269583,gnpa@fakemail.com,Indian,,,1989,32
114,Company KYC,,Kavita Rajendra Priynka Soni,Rajendra Soni,Priynka Soni,Lokesh Soni,1991-08-14,Female,AB+,Plot No 6  Sec 23  Krishi Bazaars Manmad  Maharashtra 664120,"Zamil Plastics Sharief Building, Opposite-RTO Complex, Yeshwanthpur, Bengaluru, Karnataka 560022","Plot No 6, Sec-23, Krishi Bazaars,Manmad, Maharashtra-664120",WDRKJ8658H,824306022553,0,7260995067824,,8242398533,krps@fakemail.com,Indian,,,1991,30
115,Company KYC,,Soni Aadha Aditi Kadam,Kadam Soni,Aditi Soni,Karan Soni,1985-05-22,Female,O+,109/1  Jagrati ViharOpp Sasun Pune Road Lonavala Maharashtra 623374,Midbrains Technologies - IT Solution & Digital Marketing Company in Wakad Pune4110034,"109/1, Jagrati ViharOpp Sasun Pune Road Lonavala,Maharashtra-623374",GPOBV4546U,824250800560,0,8240991054475,,8210352583,saak@fakemail.com,Indian,,,1985,36
116,Company KYC,,Gupta Adya Ahana Keshav ,Keshav Gupta,Ahana Gupta,Arvind Gupta,1990-10-17,Female,A+,H no 215 Radha nagar shivaji complex Solapur Maharashtra 612843,"Galaxy Technologies82/7 shreeniwas BH RMD collage, Warje, Pune, Maharashtra 411058","H no 215 Radha nagar shivaji complex,Solapur,Maharashtra-612843",GEFZL8087F,804580071523,0,823017820175,,8210269583,gaak@fakemail.com,Indian,,,1990,31
117,Company KYC,,Amrita Neterpal Deeplata Soni,Neterpal Soni,Deeplata Soni,Khajit Soni,1991-08-14,Female,AB+,5 Manek Bhandari Compound Shridi road Manmad  Maharashtra 664120,"Prism IT Solutions Pvt. Ltd.314 A, Bharat Bhavan, 1360, Off Bajirao Road, Shukrawar Peth, Pune, Maharashtra 411002","5 Manek Bhandari Compound,Shridi road,Manmad, Maharashtra-664120",GZXKJ8658Z,824306022103,0,7260901067824,,8242008533,ands@fakemail.com,Indian,,,1991,30
118,Company KYC,,Soni Kinjal Mruthula Ajay,Ajay Soni,Mruthula Soni,Suraj Soni,1987-05-22,Female,AB+,60/60  Hughes Rd  N S Patkar Rd Pune Road Lonavala Maharashtra 623374,"Kerala Electrical & Allied Engineering Company Limited Puthuparambu-Parappur Rd, Kerala 676304","60/60, Hughes Rd, N S Patkar Rd,Pune Road Lonavala,Maharashtra-623374",OBGPV2546U,684250800561,0,6846991054475,,8267352583,skma@fakemail.com,Indian,,,1987,34
119,Company KYC,,Gupta Mrinal Savita Manohar ,Manohar Gupta,Savita Gupta,Kuldeep Gupta,1992-10-17,Female,A+,No 18  Mission Street  shivaji complex Solapur Maharashtra 612843,"Traco Cable Company Limited Seaport - Airport Rd, Irumpanam, Kochi, Kerala 682309","No 18, Mission Street  shivaji complex,Solapur,Maharashtra-612843",FZGEL5057F,674580071522,0,673717820175,,6716269583,gmsm@fakemail.com,Indian,,,1992,29
120,Company KYC,,Ketki Kushal Mohini Soni,Kushal Soni,Mohini Soni,Kundan Soni,1993-08-14,Female,AB-,110  Payal Complex  Nr Manubhai Tower Jalgaon  Maharashtra 633120,"KERALA AGRO FRUIT PRODUCTS ,PUNALUR NH744, Chemmanthoor, Punalur, Kerala 691322","110, Payal Complex, Nr Manubhai Tower Jalgaon, Maharashtra-633120",XKGZJ6656Z,664306022102,0,6660901667824,,6642068533,kkms@fakemail.com,Indian,,,1993,28
121,Company KYC,,Joel Depti Hema Arun,Arun Joel,Hema Joel,Amit Joel,1989-07-22,Female,AB+,78 B  Pandurang Nivas Pune Road Lonavala Maharashtra 672374,"WIPRO Ltd Plot Number-480 & 481, Udyog Vihar Industrial Area Phase 3, Gurgaon - 122016","78 B, Pandurang Nivas,Pune Road Lonavala,Maharashtra-672374",MAGPV2846U,664250806566,0,6656991054475,,6567352583,jdha@fakemail.com,Indian,,,1989,32
122,Company KYC,,Gupta Rajani Malti Ram,Ram Gupta,Malti Gupta,Vijay Gupta,1992-11-17,Female,A+,112  Luhadia Tower  D Scheme Ashok Marg Solapur Maharashtra 612843,"Future Retail LtdPlot No-82,   Floor, Gurgaon Sector 32, Gurgaon - 122002","112, Luhadia Tower, D-Scheme Ashok Marg,Solapur,Maharashtra-612843",MSGEL2857F,674580071566,0,673717865175,,6516269583,grmr@fakemail.com,Indian,,,1992,29
123,Company KYC,,Vishakha Kapil Shilpa Sharma,Kapil  Sharma,Shilpa Sharma,Shiwam Sharma,1993-08-14,Female,B+,136  3rd Floor  Sector 21c  Jalgaon  Maharashtra 603120,"The Aon Centre, Building 2, Unitech Info Space, Gurgaon Sector 48, Gurgaon - 122001, ","110, Payal Complex, Nr Manubhai Tower Jalgaon, Maharashtra-633120",MDGZJ7856Z,664366022162,0,6660561667824,,6542068533,vkss@fakemail.com,Indian,,,1993,28
124,Company KYC,,Goyal Khushi Seema Chandrapal,Chandrapal Goyal,Seema Goyal,Ravindra Goyal,1982-10-11,Female,B+,4 /12 Triveni Nagar Cantt Pune Road Lonavala Maharashtra 602374,"Rathi Engineering Company Plot No.31-A, Radke Layout, Balaji Nagar, Hingna Road,, opp. MIDC Office, Nagpur, Maharashtra 440036","4 /12 Triveni Nagar Cantt Pune Road Lonavala,Maharashtra-602374",LKGPV6746U,674250806566,0,1056991054405,,5167352083,gksc@fakemail.com,Indian,,,1982,39
125,Company KYC,,Gupta Mousam Madhu Virjesh,Virjesh Gupta,Madhu Gupta,Kaviraj Gupta,1982-11-17,Female,AB+,44  th Flr  Dluna Apts Solapur Maharashtra 600843,"L&T Warehouse Nagpur 12, Ambazari Rd, Shivaji Nagar, Nagpur, Maharashtra 440010","44  th Flr, Dluna Apts,Solapur,Maharashtra-600843",LVGEL3853F,673580071566,0,103717865110,,5116269586,gmvm@fakemail.com,Indian,,,1982,39
126,Company KYC,,Nisha Ketan Rakhi Jain,Ketan  Jain,Rakhi Jain,Kapil Jain,1991-08-14,Female,O+,T 34 Stonedge Towers  3rd Floor Nagpur Maharashtra 440051,"Nagpur Scientific Company Sadar Bajar, Parmanand Apartment, Sadar, Nagpur, Maharashtra 440001","T-34 Stonedge Towers, 3rd Floor Nagpur Maharashtra-623120",LDGZJ7652Z,672366022162,0,106056166704,,5142568533,nkrj@fakemial.com,Indian,,,1991,30
127,Company KYC,,Agarwal Arpita Maya Hemant,Hemant Agarwal,Maya Agarwal,Nabh Agarwal,1983-10-13,Female,B+,11 vijaya Towers  Pune Road  Lonavala Maharashtra 602374,"Alankar Engineering Company H-5/8, MIDC Industrial Area, Chilkalthana, Aurangabad, Maharashtra 431210","11,vijaya Towers  Pune Road ,Lonavala,Maharashtra-602374",XKGPV6746U,674250800566,0,3056991054405,,4067352083,aamh@fakemail.com,Indian,,,1983,38
128,Company KYC,,Garg Hansika Minakshi Balram,Balram Garg,Minakshi Garg,Rajiv Garg,1982-12-17,Female,AB+,236 Ashirwad Ind Est  5 Ram Mandir Solapur Maharashtra 600843,"Bharat Insulation Company (India) Private Limit E7 MIDC Road,, MIDC Waluj,, Aurangabad, Maharashtra 431133","236 Ashirwad Ind Est, 5 Ram Mandir,Solapur,Maharashtra-600843",XVGEL1853F,673000071566,0,313717865111,,4016269586,ghmb@fakemail.com,Indian,,,1982,39
129,Company KYC,,Himanshi Nakul Rajeshwari Teotia,Nakul  Teotia,Rajeshwari Teotia,Himank Teotia,1991-07-14,Female,O+,331 332  Azad Market Nagpur Maharashtra 440051,"Forbes & Company Limited A-7/1, Precision Tools Division, M I D C, Chikalthana, Aurangabad, Maharashtra 431210","331-332, Azad Market Nagpur Maharashtra-440051",XDGZJ7152Z,672006022162,0,316056166704,,4042568533,hnrt@fakemail.com,Indian,,,1991,30
